{
  "products": [
    {
      "id": 1,
      "categoryId": 1,
      "productName": "Lenovo IdeaPad 3",
      "unitPrice": 3795.20,
      "discount": "",
      "description": "15.6'' HD, Intel Core i3-1005G1, 128GB SSD, 4GB RAM, 81WE008ETX, Windows 10",
      "image": "laptop1"
    },
    {
      "id": 2,
      "categoryId": 1,
      "productName": "HP 255 2D231EA",
      "unitPrice": 6182.81,
      "discount": "8",
      "description": "15.6'' FHD, AMD Ryzen 5-3500U, 8 GB RAM, 256 GB SSD, Windows 10 Home",
      "image": "laptop2"
    },
    {
      "id": 3,
      "categoryId": 1,
      "productName": "MSI GF65 THIN 10UE-045XTR",
      "unitPrice": 16799.00,
      "discount": "",
      "description": "15.6 FHD, 144Hz, Core I7-10750H, 16GB RAM, 512GB SSD, RTX3060 6GB",
      "image": "laptop3"
    },
    {
      "id": 4,
      "categoryId": 1,
      "productName": "MSI GF75 THIN 10UE-083TR",
      "unitPrice": 18793.19,
      "discount": "3",
      "description": "17.3 FHD 144Hz, Core I7-10750H, 16GB RAM, 1TB SSD, RTX3060 6GB, Windows 10",
      "image": "laptop4"
    },
    {
      "id": 5,
      "categoryId": 1,
      "productName": "MONSTER ABRA A5 V15.8",
      "unitPrice": 8899.00,
      "discount": "",
      "description": "i7 10750H, 8GB, 250GB SSD, 4GB GTX 1650TI, 15.6 120Hz FHD IPS",
      "image": "laptop5"
    },
    {
      "id": 6,
      "categoryId": 2,
      "productName": "Samsung QE50Q60TAUXTK",
      "unitPrice": 6699.00,
      "discount": "12",
      "description": "50'' Q60T 4K Qled TV",
      "image": "television1"
    },
    {
      "id": 7,
      "categoryId": 2,
      "productName": "LG 55UN74006LB",
      "unitPrice": 5633.42,
      "discount": "",
      "description": "55 Inch UHD 4K TV / AI ThinQ",
      "image": "television2"
    },
    {
      "id": 8,
      "categoryId": 2,
      "productName": "Philips 50PUS8505/62",
      "unitPrice": 5599.00,
      "discount": "",
      "description": "50'' (126 cm) 4K UHD LED Android TV",
      "image": "television3"
    },
    {
      "id": 9,
      "categoryId": 2,
      "productName": "Samsung UE55TU7000UXTK",
      "unitPrice": 5489.55,
      "discount": "",
      "description": "55'' TU7000 Crystal UHD",
      "image": "television4"
    },
    {
      "id": 10,
      "categoryId": 3,
      "productName": "Huawei P40",
      "unitPrice": 11999.00,
      "discount": "26",
      "description": "50MP + 40MP + 12MP arka, 32MP + Depth ön Kamera",
      "image": "telephone1"
    },
    {
      "id": 11,
      "categoryId": 3,
      "productName": "Apple iPhone 12 Pro",
      "unitPrice": 16999.00,
      "discount": "",
      "description": "512 GB,Silver, Kulaklık ve Adaptör Hariç (Apple Türkiye Garantili)",
      "image": "telephone2"
    },
    {
      "id": 12,
      "categoryId": 3,
      "productName": "Xiaomi Redmi Note 10",
      "unitPrice": 3155.38,
      "discount": "3",
      "description": "128GB Cep Telefonu Gri (Xiaomi Türkiye Garantili)",
      "image": "telephone3"
    },
    {
      "id": 13,
      "categoryId": 3,
      "productName": "Samsung Galaxy S20+ SM-G985F",
      "unitPrice": 7999.00,
      "discount": "22",
      "description": "128 GB, Kozmik Mavi (Samsung Türkiye Garantili)",
      "image": "telephone4"
    },
    {
      "id": 14,
      "categoryId": 3,
      "productName": "Apple iPhone XS",
      "unitPrice": 9765.23,
      "discount": "",
      "description": "64 GB, Altın, Kulaklık ve Adaptör Dahil (Apple Türkiye Garantili)",
      "image": "telephone5"
    },
    {
      "id": 15,
      "categoryId": 3,
      "productName": "Apple iPhone 12",
      "unitPrice": 11399.00,
      "discount": "2",
      "description": "Kırmızı, Kulaklık ve Adaptör Hariç (Apple Türkiye Garantili)",
      "image": "telephone6"
    }
  ],
  "categories": [
    {
      "id": 1,
      "categoryName": "Laptops"
    },
    {
      "id": 2,
      "categoryName": "Televisions"
    },
    {
      "id": 3,
      "categoryName": "Mobile Phones"
    }
  ]
}